Epitope ID, binding information, allele, peptide sequence, binding label
52886,Positive,HLA-A*01:01,QYDPVAALF,1
71650,Positive,HLA-A*01:01,VVEKQSGLY,1
150319,Positive,HLA-A*01:01,ITEAELTGY,1
141221,Positive,HLA-A*01:01,ATDSLNNEY,1
24819,Positive,HLA-A*01:01,HSNLNDATY,1
28851,Positive,HLA-A*01:01,ITDFNIDTY,1
184626,Positive,HLA-A*01:01,LTDYGALTL,1
186602,Positive,HLA-A*01:01,YSDPLALRE,1
61234,Positive,HLA-A*01:01,SSNIMSESY,1
141407,Positive,HLA-A*01:01,RSSLGSLLY,1
30913,Positive,HLA-A*01:01,KGDTTTGVY,1
150457,Positive,HLA-A*01:01,MTDDIGMGV,1
150679,Positive,HLA-A*01:01,VIDLDPIPY,1
4916,Positive,HLA-A*01:01,ATDALMTGF,1
52496,Positive,HLA-A*01:01,QTDNQLAVF,1
60546,Positive,HLA-A*01:01,SQSDTVFDY,1
194876,Positive,HLA-A*01:01,TLDEMRHFY,1
140544,Positive,HLA-A*01:01,ATDALMSGF,1
70898,Positive,HLA-A*01:01,VSDGGPNLY,1
22699,Positive,HLA-A*01:01,GTHVLLPFY,1
181983,Positive,HLA-A*01:01,CTELKLNDY,1
73981,Positive,HLA-A*01:01,YGDDVIASY,1
42819,Positive,HLA-A*01:01,MTKEEFTRY,1
52431,Positive,HLA-A*01:01,QSSFYSDWY,1
52308,Positive,HLA-A*01:01,QSDTVFDYY,1
184623,Positive,HLA-A*01:01,LTDFQSHQL,1
9354,Positive,HLA-A*01:01,DMCDIYLLY,1
29227,Positive,HLA-A*01:01,IVDCLTEMY,1
70917,Positive,HLA-A*01:01,VSEKYTDMY,1
189272,Positive,HLA-A*01:01,SADNNNSEY,1
33285,Positive,HLA-A*01:01,KSCLPACVY,1
150415,Positive,HLA-A*01:01,LTDALALGM,1
71290,Positive,HLA-A*01:01,VTEHDTLLY,1
7136,Positive,HLA-A*01:01,CTELKLSDY,1
7136,Positive-Low,HLA-A*01:01,CTELKLSDY,1
73429,Positive,HLA-A*01:01,YAQMWTLMY,1
63191,Positive,HLA-A*01:01,TDLGQNLLY,1
24092,Positive,HLA-A*01:01,HISALKRRY,1
4917,Positive,HLA-A*01:01,ATDALMTGY,1
150750,Positive,HLA-A*01:01,YTDYMPSMK,1
74635,Positive,HLA-A*01:01,YLEKESIYY,1
180826,Positive,HLA-A*01:01,YAQMWQLMY,1
71290,Positive-Low,HLA-A*01:01,VTEHDTLLY,1
4371,Positive,HLA-A*01:01,ASDSLNNEY,1
29186,Positive,HLA-A*01:01,ITYTDVLRY,1
141338,Positive,HLA-A*01:01,LIDGIFLRY,1
14325,Positive,HLA-A*01:01,ETACLGKSY,1
4917,Positive-Low,HLA-A*01:01,ATDALMTGY,1
140694,Positive-Low,HLA-A*01:01,IVDSLTEMY,1
75755,Positive,HLA-A*01:01,YSHGTGTGY,1
17932,Positive,HLA-A*01:01,FTDWANKQY,1
141276,Positive,HLA-A*01:01,FTAPEVGTY,1
69661,Positive,HLA-A*01:01,VLNETTNWL,1
141480,Positive,HLA-A*01:01,YMESVFQMY,1
42874,Negative,HLA-A*01:01,MTSCNINAY,-1
65216,Negative,HLA-A*01:01,TMKMMVHIY,-1
16291,Negative,HLA-A*01:01,FISDNKKEY,-1
69421,Negative,HLA-A*01:01,VLDKWNTNY,-1
71632,Negative,HLA-A*01:01,VVDFVIKWY,-1
33451,Negative,HLA-A*01:01,KSNAKCIEY,-1
14220,Negative,HLA-A*01:01,ESNIDLISY,-1
61313,Negative,HLA-A*01:01,SSQVKCCHY,-1
28611,Negative,HLA-A*01:01,ISMLSEHRY,-1
32417,Negative,HLA-A*01:01,KMVYALLLY,-1
40190,Negative,HLA-A*01:01,LTSVEFIIY,-1
29231,Negative,HLA-A*01:01,IVDITSGKY,-1
66606,Negative,HLA-A*01:01,TTFEVIEKY,-1
25238,Negative,HLA-A*01:01,IADAKYEYY,-1
1891,Negative,HLA-A*01:01,AIEPSGNNY,-1
69998,Negative,HLA-A*01:01,VMNIERQDY,-1
53837,Negative,HLA-A*01:01,RGDLETLGY,-1
74368,Negative,HLA-A*01:01,YISDTVNIY,-1
76074,Negative,HLA-A*01:01,YTIIDQENY,-1
61981,Negative,HLA-A*01:01,STVLDTTLY,-1
73990,Negative,HLA-A*01:01,YGENILHIY,-1
66942,Negative,HLA-A*01:01,TVAILYSMY,-1
71040,Negative,HLA-A*01:01,VSLSGNLKY,-1
68069,Negative,HLA-A*01:01,VDSQIPTLY,-1
39641,Negative,HLA-A*01:01,LSRVFFCVY,-1
42935,Negative,HLA-A*01:01,MVEDYGHEY,-1
64270,Negative,HLA-A*01:01,TIDKSSPLY,-1
24093,Negative,HLA-A*01:01,HISKYMNYY,-1
52567,Negative,HLA-A*01:01,QTLVAIFSY,-1
65072,Negative,HLA-A*01:01,TLSTRTNPY,-1
64535,Negative,HLA-A*01:01,TKDCIFINY,-1
69955,Negative,HLA-A*01:01,VMGGVYTTY,-1
75087,Negative,HLA-A*01:01,YMLTINDLY,-1
67464,Negative,HLA-A*01:01,TYSLIIHRY,-1
14981,Negative,HLA-A*01:01,EYDDHINLY,-1
76216,Negative,HLA-A*01:01,YTYDRVDIY,-1
33753,Negative,HLA-A*01:01,KTLDISSFY,-1
4932,Negative,HLA-A*01:01,ATEDKTSGY,-1
76183,Negative,HLA-A*01:01,YTTFLSYHY,-1
49415,Negative,HLA-A*01:01,PSKPYWQKY,-1
28835,Negative,HLA-A*01:01,ITCCLLSVY,-1
18554,Negative,HLA-A*01:01,GADLEKYFY,-1
42567,Negative,HLA-A*01:01,MSHLKVALY,-1
41689,Negative,HLA-A*01:01,MIDEGATLY,-1
76608,Negative,HLA-A*01:01,YYSPKTPDY,-1
22353,Negative,HLA-A*01:01,GSGSGKTIY,-1
64116,Negative,HLA-A*01:01,TIAGGVCYY,-1
75133,Negative,HLA-A*01:01,YNAYNTLVY,-1
14421,Negative,HLA-A*01:01,ETIELGERY,-1
61510,Negative,HLA-A*01:01,STAEQLSKY,-1
27606,Negative,HLA-A*01:01,INDFNIFSY,-1
24922,Negative,HLA-A*01:01,HTIKTLGVY,-1
66436,Negative,HLA-A*01:01,TSSLNSEKY,-1
25969,Negative,HLA-A*01:01,IESGANPLY,-1
59464,Positive,HLA-A*02:01,SLSNLDFRL,1
141396,Positive,HLA-A*02:01,RILGVLVHL,1
74245,Positive,HLA-A*02:01,YIISGDLPV,1
33942,Positive,HLA-A*02:01,KVAEIVHFL,1
138943,Positive,HLA-A*02:01,YSLEYFQFV,1
227919,Positive-High,HLA-A*02:01,FLKQQYMNL,1
36357,Positive,HLA-A*02:01,LGYGFVNYI,1
69370,Positive,HLA-A*02:01,VLAGLLGNV,1
1994,Positive,HLA-A*02:01,AILHTPGCV,1
42152,Positive,HLA-A*02:01,MMMNWSPTT,1
25288,Positive,HLA-A*02:01,IAGGVMAVV,1
42295,Positive,HLA-A*02:01,MPNDPNRNV,1
154894,Positive,HLA-A*02:01,IADAALAAL,1
194181,Positive,HLA-A*02:01,LLTTPKFTV,1
136896,Positive-Low,HLA-A*02:01,VLHDDLLEA,1
6431,Positive,HLA-A*02:01,CINGCVWTV,1
175186,Positive-Low,HLA-A*02:01,GLLSLEEEL,1
69512,Positive,HLA-A*02:01,VLGPISGHV,1
8829,Positive,HLA-A*02:01,DIYRIFAEL,1
167728,Positive,HLA-A*02:01,CLGALLTMV,1
16889,Positive,HLA-A*02:01,FLSHDFTLV,1
189285,Positive-High,HLA-A*02:01,SLYNSVATL,1
37255,Positive,HLA-A*02:01,LLFGYPVAV,1
31884,Positive,HLA-A*02:01,KLGGYVSFV,1
138937,Positive,HLA-A*02:01,YIGEVLVSV,1
188709,Positive,HLA-A*02:01,LILDPKINV,1
2901,Positive,HLA-A*02:01,ALSTGLIHL,1
72794,Positive,HLA-A*02:01,WLSLLVPFV,1
69524,Positive,HLA-A*02:01,VLHKRTLGL,1
226562,Positive,HLA-A*02:01,AAMAAQLQA,1
164764,Positive-High,HLA-A*02:01,GLLDQVAAL,1
32241,Positive,HLA-A*02:01,KLWCRHFCV,1
9199,Positive,HLA-A*02:01,DLMGYIPAV,1
69649,Positive-High,HLA-A*02:01,VLMIKALEL,1
173061,Positive,HLA-A*02:01,RLLYPDYQI,1
74978,Positive,HLA-A*02:01,YLVSIFLHL,1
64763,Positive,HLA-A*02:01,TLDYKPLSV,1
31866,Positive,HLA-A*02:01,KLFTHDIML,1
6556,Positive,HLA-A*02:01,CLFKDWEEL,1
141155,Positive,HLA-A*02:01,KAFQDVLYV,1
20786,Positive,HLA-A*02:01,GLCPHCINV,1
172377,Positive,HLA-A*02:01,MLLDKNIPI,1
100845,Positive,HLA-A*02:01,FLWSVFMLI,1
27241,Positive,HLA-A*02:01,ILPDPLKPT,1
78346,Positive,HLA-A*02:01,AFLGERVTL,1
180191,Positive-High,HLA-A*02:01,SLFNTIATL,1
111252,Positive,HLA-A*02:01,ELTEVFEFA,1
74418,Positive,HLA-A*02:01,YIYGIPLSL,1
31209,Positive,HLA-A*02:01,KIDYYIPYV,1
74841,Positive,HLA-A*02:01,YLNKIQNSL,1
140543,Positive,HLA-A*02:01,AMAGSIDLL,1
140541,Positive,HLA-A*02:01,ALDEGLLPV,1
142954,Positive-Low,HLA-A*02:01,PLPLTQPGE,1
74768,Positive,HLA-A*02:01,YLLDGLRAQ,1
6435,Positive-High,HLA-A*02:01,CINGVCWTV,1
33915,Positive,HLA-A*02:01,KTWGQYWQV,1
16979,Positive,HLA-A*02:01,FLYALALLL,1
15231,Positive,HLA-A*02:01,FANHKFTLV,1
24357,Positive,HLA-A*02:01,HMWNFISGI,1
164547,Positive,HLA-A*02:01,RMLGDVMAV,1
74774,Positive,HLA-A*02:01,YLLEMLWRL,1
101026,Positive-Low,HLA-A*02:01,LLPPLLEHL,1
6630,Positive,HLA-A*02:01,CLTEYILWV,1
59388,Positive-High,HLA-A*02:01,SLPITVYYA,1
16626,Positive,HLA-A*02:01,FLGMESCGI,1
59459,Positive,HLA-A*02:01,SLSHYFTLV,1
163620,Positive,HLA-A*02:01,TITEEIAVQ,1
108770,Positive,HLA-A*02:01,ALQAIELQL,1
31942,Positive,HLA-A*02:01,KLKKIKNSL,1
131311,Positive-Low,HLA-A*02:01,SLMSWSAIL,1
75024,Positive,HLA-A*02:01,YLYQLSPPI,1
141170,Positive-Low,HLA-A*02:01,QLLKLNVPA,1
69996,Positive,HLA-A*02:01,VMMSCSSEA,1
44812,Positive,HLA-A*02:01,NLNDNAIHL,1
226665,Positive,HLA-A*02:01,RLSLTALSA,1
139749,Positive,HLA-A*02:01,FMIVSISLV,1
150291,Positive,HLA-A*02:01,IILEFFLMV,1
16781,Positive,HLA-A*02:01,FLNISWFYI,1
189280,Positive-Intermediate,HLA-A*02:01,SLYLTVATL,1
59524,Positive-Low,HLA-A*02:01,SLTSINVQA,1
37685,Positive,HLA-A*02:01,LLPRRGPRL,1
169149,Positive,HLA-A*02:01,LLIDLTSFL,1
37678,Positive,HLA-A*02:01,LLPPELSET,1
179791,Positive-Low,HLA-A*02:01,FWLLGAWAL,1
150243,Positive,HLA-A*02:01,GLLTVCYVL,1
37970,Positive,HLA-A*02:01,LLYGYPVYV,1
112182,Positive,HLA-A*02:01,KLFSDISAI,1
194227,Positive-Low,HLA-A*02:01,NLLTTPKFT,1
226608,Positive,HLA-A*02:01,GYTSGTGQG,1
73263,Positive,HLA-A*02:01,WYELSKINP,1
141373,Positive-Low,HLA-A*02:01,PTLDKVLEL,1
51311,Positive,HLA-A*02:01,QLDPARDVL,1
137402,Positive,HLA-A*02:01,FIDSYICQV,1
140773,Positive,HLA-A*02:01,YLGEVIVSV,1
141180,Positive-Low,HLA-A*02:01,YMNSIRLYA,1
64794,Positive,HLA-A*02:01,TLFIGSHVV,1
54690,Positive-Intermediate,HLA-A*02:01,RLNQLESKV,1
54664,Positive,HLA-A*02:01,RLLSPTTIV,1
37507,Positive,HLA-A*02:01,LLLIWFRPV,1
142528,Positive-Intermediate,HLA-A*02:01,AMLVLLAEI,1
184079,Positive,HLA-A*02:01,KLTDWDFVV,1
185710,Positive,HLA-A*02:01,SMINGVVKL,1
150529,Positive,HLA-A*02:01,RLITVNPIV,1
20929,Positive,HLA-A*02:01,GLIMVLSFL,1
110438,Positive,HLA-A*02:01,TLKDIVLDL,1
184065,Positive,HLA-A*02:01,KLNDWDFVV,1
74638,Positive-High,HLA-A*02:01,YLEPGPVTA,1
187706,Positive,HLA-A*02:01,SLISGMWLL,1
110325,Positive,HLA-A*02:01,LLNYILKSV,1
102433,Positive,HLA-A*02:01,FLQDVMNIL,1
141164,Positive-Low,HLA-A*02:01,LLSSGAFSA,1
18159,Positive,HLA-A*02:01,FVFLRNFSL,1
108957,Positive,HLA-A*02:01,FLLGLLFFV,1
155,Positive-High,HLA-A*02:01,AAGIGILTV,1
38035,Positive,HLA-A*02:01,LMHAPAFET,1
74407,Positive,HLA-A*02:01,YIVRWEWVV,1
102306,Positive,HLA-A*02:01,ALTAVAEEV,1
227924,Positive,HLA-A*02:01,ILRSFIPLL,1
95112,Positive,HLA-A*02:01,KYQEFFWDA,1
69913,Positive,HLA-A*02:01,VMACLVPAA,1
54539,Negative,HLA-A*02:01,RLFSYNFTT,-1
145217,Negative,HLA-A*02:01,GLADVFAEL,-1
150864,Negative,HLA-A*02:01,KRGPSTEGV,-1
22618,Negative,HLA-A*02:01,GTDGFPFKL,-1
226328,Negative,HLA-A*02:01,AQADSAVLL,-1
2022,Negative,HLA-A*02:01,AIMEKNIML,-1
16669,Negative,HLA-A*02:01,FLIQSNSLL,-1
3153,Negative,HLA-A*02:01,AMLQDMAIL,-1
55425,Negative,HLA-A*02:01,RQIFIHYSV,-1
15299,Negative,HLA-A*02:01,FAVQTIVFI,-1
59340,Negative,HLA-A*02:01,SLMAFTASV,-1
226688,Negative,HLA-A*02:01,VGLGNVNGV,-1
148342,Negative,HLA-A*02:01,TQKCEIFNV,-1
18312,Negative,HLA-A*02:01,FVVALIPLV,-1
69117,Negative,HLA-A*02:01,VISVIFYFI,-1
24229,Negative,HLA-A*02:01,HLIKIPLLI,-1
64891,Negative,HLA-A*02:01,TLLAINALI,-1
9203,Negative,HLA-A*02:01,DLMGYIPLV,-1
18062,Negative,HLA-A*02:01,FTSAVLLLV,-1
189278,Negative,HLA-A*02:01,SLHNAVAVL,-1
6556,Negative,HLA-A*02:01,CLFKDWEEL,-1
5222,Negative,HLA-A*02:01,ATYGVWPPV,-1
37802,Negative,HLA-A*02:01,LLSLLVIWI,-1
16867,Negative,HLA-A*02:01,FLQMALLYI,-1
27041,Negative,HLA-A*02:01,ILFLLFVCI,-1
41746,Negative,HLA-A*02:01,MIMYLVLGI,-1
26693,Negative,HLA-A*02:01,IISYIILFI,-1
26432,Negative,HLA-A*02:01,IIAIVFVFI,-1
188663,Negative,HLA-A*02:01,EIINNITAV,-1
30032,Negative,HLA-A*02:01,KAYHIIFFV,-1
27055,Negative,HLA-A*02:01,ILFVVIVGL,-1
16950,Negative,HLA-A*02:01,FLVIAINAM,-1
31911,Negative,HLA-A*02:01,KLIGITAIM,-1
69376,Negative,HLA-A*02:01,VLALYSPPL,-1
27359,Negative,HLA-A*02:01,ILSSAIFST,-1
18140,Negative,HLA-A*02:01,FVDTMSIYI,-1
20904,Negative,HLA-A*02:01,GLIACLIFV,-1
73458,Negative,HLA-A*02:01,YATVEVPSL,-1
26993,Negative,HLA-A*02:01,ILDEERDKV,-1
16176,Negative,HLA-A*02:01,FIDSNEYEV,-1
68983,Negative,HLA-A*02:01,VIHDYICWL,-1
27314,Negative,HLA-A*02:01,ILSDENYLL,-1
110440,Negative,HLA-A*02:01,TLQDIVLHL,-1
46187,Negative,HLA-A*02:01,NTNIIIFFL,-1
31865,Negative,HLA-A*02:01,KLFTDNNFL,-1
151759,Negative,HLA-A*02:01,VVWVKITQV,-1
61915,Negative,HLA-A*02:01,STSRVPYDI,-1
14744,Negative,HLA-A*02:01,EVKEKHEFL,-1
16674,Negative,HLA-A*02:01,FLISVIVLV,-1
31871,Negative,HLA-A*02:01,KLFYVYYNL,-1
69512,Negative,HLA-A*02:01,VLGPISGHV,-1
16193,Negative,HLA-A*02:01,FIFHFVHSA,-1
188661,Negative,HLA-A*02:01,DVYVKIDNV,-1
6604,Negative,HLA-A*02:01,CLLPKMDSV,-1
54844,Negative,HLA-A*02:01,RLYQASAVM,-1
74815,Negative,HLA-A*02:01,YLMDEEVPA,-1
16520,Negative,HLA-A*02:01,FLARLHAAA,-1
29357,Negative,HLA-A*02:01,IVMGNGTLV,-1
18001,Negative,HLA-A*02:01,FTLIDIWFL,-1
2759,Negative,HLA-A*02:01,ALMRRIAVV,-1
112322,Negative,HLA-A*02:01,SLKDVLVSV,-1
40409,Negative,HLA-A*02:01,LVIWILIVA,-1
71409,Negative,HLA-A*02:01,VTLPTGQCL,-1
74575,Negative,HLA-A*02:01,YLCEAMLNT,-1
15311,Negative,HLA-A*02:01,FAYICPANV,-1
37084,Negative,HLA-A*02:01,LLAFTNPTV,-1
72658,Negative,HLA-A*02:01,WIVQENNGA,-1
75007,Negative,HLA-A*02:01,YLYASFCTV,-1
27394,Negative,HLA-A*02:01,ILVCYILYI,-1
72764,Negative,HLA-A*02:01,WLNSATALI,-1
5616,Negative,HLA-A*02:01,AVWTIIFIV,-1
37623,Negative,HLA-A*02:01,LLNPCLINV,-1
145218,Negative,HLA-A*02:01,GLITVLFLL,-1
28943,Negative,HLA-A*02:01,ITINYFLLL,-1
133501,Negative,HLA-A*02:01,AIVREAIKR,-1
54458,Negative,HLA-A*02:01,RLACGVIGI,-1
32259,Negative,HLA-A*02:01,KLYIALCKV,-1
31925,Negative,HLA-A*02:01,KLITFLFVI,-1
154749,Negative,HLA-A*02:01,GLWLSVAAV,-1
21250,Negative,HLA-A*02:01,GMANTTFHV,-1
16751,Negative,HLA-A*02:01,FLLSLGIHL,-1
14344,Negative,HLA-A*02:01,ETDDYMFFV,-1
16549,Negative,HLA-A*02:01,FLDKSIHLT,-1
75052,Negative,HLA-A*02:01,YMFFVIKNL,-1
226564,Negative,HLA-A*02:01,AAPPPQRAA,-1
122439,Negative,HLA-A*02:01,KLSEGDLLA,-1
42875,Negative,HLA-A*02:01,MTSCVSEQL,-1
59613,Negative,HLA-A*02:01,SLYNTVATL,-1
168728,Negative,HLA-A*02:01,GVSGVINAL,-1
37521,Negative,HLA-A*02:01,LLLLIYLYL,-1
16338,Negative,HLA-A*02:01,FIYFIKGFL,-1
145340,Negative,HLA-A*02:01,LVIGACVYC,-1
189281,Negative,HLA-A*02:01,SLYNAIATL,-1
44866,Negative,HLA-A*02:01,NLSDGFLLI,-1
54941,Negative,HLA-A*02:01,RMQFSSFTV,-1
59612,Negative,HLA-A*02:01,SLYNTIAVL,-1
74677,Negative,HLA-A*02:01,YLGPRVCWL,-1
27118,Negative,HLA-A*02:01,ILIYNGWYA,-1
69678,Negative,HLA-A*02:01,VLPAVVYST,-1
54547,Negative,HLA-A*02:01,RLGAIPPLV,-1
27374,Negative,HLA-A*02:01,ILTAILFFM,-1
59673,Negative,HLA-A*02:01,SMIEAESSV,-1
64821,Negative,HLA-A*02:01,TLGQHLPTL,-1
102306,Negative,HLA-A*02:01,ALTAVAEEV,-1
177372,Negative,HLA-A*02:01,YLVTSINKL,-1
37257,Negative,HLA-A*02:01,LLFGYPVYV,-1
16151,Negative,HLA-A*02:01,FIADIGIGV,-1
74961,Negative,HLA-A*02:01,YLVAYQATV,-1
69982,Negative,HLA-A*02:01,VMLEMLNYV,-1
20460,Negative,HLA-A*02:01,GITLFLLFL,-1
27186,Negative,HLA-A*02:01,ILLPWFVDL,-1
54831,Negative,HLA-A*02:01,RLYDLTRYA,-1
74914,Negative,HLA-A*02:01,YLSEGDMAA,-1
75014,Negative,HLA-A*02:01,YLYHLSINV,-1
17956,Negative,HLA-A*02:01,FTFSDVINI,-1
131933,Negative,HLA-A*02:01,KLLRDSHVL,-1
37261,Negative,HLA-A*02:01,LLFILFYFA,-1
150875,Negative,HLA-A*02:01,PLVVAASII,-1
42013,Negative,HLA-A*02:01,MLNIPSINV,-1
16179,Negative,HLA-A*02:01,FIDTVSVYT,-1
29268,Positive,HLA-A*03:01,IVFNLPVSK,1
51346,Positive,HLA-A*03:01,QLFTFSPRR,1
54728,Positive,HLA-A*03:01,RLRAEAQVK,1
140739,Positive,HLA-A*03:01,RSFKDLLKK,1
64939,Positive,HLA-A*03:01,TLLRKHTLK,1
61805,Positive,HLA-A*03:01,STNVRSGMK,1
21230,Positive,HLA-A*03:01,GLYKSAPRR,1
186793,Positive,HLA-A*03:01,RIKEHMLKK,1
32044,Positive,HLA-A*03:01,KLNGAMVEY,1
3148,Positive,HLA-A*03:01,AMLHWSLIL,1
18233,Positive,HLA-A*03:01,FVMLEMLNY,1
60461,Positive,HLA-A*03:01,SQIIDISLR,1
67596,Positive,HLA-A*03:01,VAGALVAFK,1
27283,Positive,HLA-A*03:01,ILRGSVAHK,1
33856,Positive,HLA-A*03:01,KTSERSQPR,1
56247,Positive,HLA-A*03:01,RVCEKMALY,1
63646,Positive,HLA-A*03:01,TFFKFLADK,1
40384,Positive,HLA-A*03:01,LVHTPSIDK,1
184051,Positive,HLA-A*03:01,KLGEFGRAK,1
182009,Positive,HLA-A*03:01,VLRGSVAHK,1
140649,Positive,HLA-A*03:01,AMEDLVRAY,1
45635,Positive,HLA-A*03:01,NQVKFYFNK,1
70365,Positive,HLA-A*03:01,VPLRPMTYK,1
59096,Positive,HLA-A*03:01,SLFMILCTR,1
5623,Positive,HLA-A*03:01,AVYLLDGLR,1
149126,Positive,HLA-A*03:01,TVYHGAGTK,1
56390,Positive,HLA-A*03:01,RVRAYTYSK,1
36504,Positive,HLA-A*03:01,LIFCHSKKK,1
5223,Positive,HLA-A*03:01,ATYGWNLVK,1
29505,Positive,HLA-A*03:01,IVYAEKIPR,1
36102,Positive,HLA-A*03:01,LGFGAYMSK,1
29303,Positive,HLA-A*03:01,IVIDEILFK,1
140651,Positive,HLA-A*03:01,AMLTAFFLR,1
28807,Positive,HLA-A*03:01,ITAEGKCYK,1
37073,Positive,HLA-A*03:01,LLACAGLAY,1
5619,Positive,HLA-A*03:01,AVYGNIKHK,1
40247,Positive,HLA-A*03:01,LTYRHKVVK,1
48280,Positive,HLA-A*03:01,PLAYFFKPR,1
54741,Positive,HLA-A*03:01,RLRPGGKKK,1
239411,Positive,HLA-A*03:01,ALWYVWQVK,1
2859,Positive,HLA-A*03:01,ALRGLPIRY,1
140697,Positive,HLA-A*03:01,KSFKDILPK,1
40265,Positive,HLA-A*03:01,LVALTLTSY,1
34128,Positive,HLA-A*03:01,KVMFVIRFK,1
183796,Positive,HLA-A*03:01,IMKSVGTGK,1
31883,Positive,HLA-A*03:01,KLGGALQAK,1
54568,Positive,HLA-A*03:01,RLGVRATRK,1
41517,Positive,HLA-A*03:01,MFMLIFNVK,1
57919,Positive,HLA-A*03:01,SFTFKEGFK,1
218729,Positive,HLA-A*03:01,RVSLPTSPR,1
51445,Positive,HLA-A*03:01,QLMYALEPR,1
3094,Positive,HLA-A*03:01,AMGDAGGYK,1
180320,Positive,HLA-A*03:01,AMDTISVFL,1
42913,Negative,HLA-A*03:01,MVASDVCKK,-1
46207,Negative,HLA-A*03:01,NTNYTPYNR,-1
74809,Negative,HLA-A*03:01,YLLVKWYRK,-1
35808,Negative,HLA-A*03:01,LFDFVNFVK,-1
57923,Negative,HLA-A*03:01,SFTIVFDFR,-1
57837,Negative,HLA-A*03:01,SFLRKIGDK,-1
33992,Negative,HLA-A*03:01,KVFFGPIYY,-1
54728,Negative,HLA-A*03:01,RLRAEAQVK,-1
63712,Negative,HLA-A*03:01,TFMIITSTK,-1
32202,Negative,HLA-A*03:01,KLTPPHSAK,-1
27033,Negative,HLA-A*03:01,ILFFMSRRY,-1
61074,Negative,HLA-A*03:01,SSHRNTMFK,-1
33801,Negative,HLA-A*03:01,KTNTKHCPK,-1
62116,Negative,HLA-A*03:01,SVFIYSKGK,-1
75732,Negative,HLA-A*03:01,YSFFLCIPK,-1
62047,Negative,HLA-A*03:01,SVAQCHEYK,-1
5323,Negative,HLA-A*03:01,AVFKDSFLR,-1
46326,Negative,HLA-A*03:01,NTYLFNILY,-1
57728,Negative,HLA-A*03:01,SFASIFWLK,-1
31977,Negative,HLA-A*03:01,KLLGYVIIR,-1
3038,Negative,HLA-A*03:01,ALYRRIQRR,-1
70593,Negative,HLA-A*03:01,VQKSADFTK,-1
60462,Negative,HLA-A*03:01,SQIIKYNRR,-1
23781,Negative,HLA-A*03:01,HFFVHTLLK,-1
17794,Negative,HLA-A*03:01,FSNTIQSYK,-1
29323,Negative,HLA-A*03:01,IVKDNKYPK,-1
19546,Negative,HLA-A*03:01,GFHPTYLPK,-1
76437,Negative,HLA-A*03:01,YVVMSAWYK,-1
59393,Negative,HLA-A*03:01,SLPMLYFLY,-1
169733,Negative,HLA-A*03:01,SLASSSASQ,-1
61458,Negative,HLA-A*03:01,SSVSPGQGK,-1
35854,Negative,HLA-A*03:01,LFILKIFVK,-1
16996,Negative,HLA-A*03:01,FLYHTSAAK,-1
56284,Negative,HLA-A*03:01,RVFFCVYTK,-1
40584,Negative,HLA-A*03:01,LVSIPFLAK,-1
76367,Negative,HLA-A*03:01,YVNREAIWK,-1
31861,Negative,HLA-A*03:01,KLFSVFSTR,-1
52055,Negative,HLA-A*03:01,QQLHVHNNR,-1
71503,Negative,HLA-A*03:01,VTSSGAIYK,-1
71050,Negative,HLA-A*03:01,VSMMSMYGK,-1
62069,Negative,HLA-A*03:01,SVCTCNDLK,-1
32053,Negative,HLA-A*03:01,KLNSGIKTK,-1
18244,Negative,HLA-A*03:01,FVNKLKMYK,-1
22736,Negative,HLA-A*03:01,GTLARKIIK,-1
66962,Negative,HLA-A*03:01,TVDEDIICK,-1
40285,Negative,HLA-A*03:01,LVCFPSTQR,-1
9086,Negative,HLA-A*03:01,DLFKSGEYK,-1
71386,Negative,HLA-A*03:01,VTKESHQIK,-1
37841,Negative,HLA-A*03:01,LLTACTIFY,-1
51346,Negative,HLA-A*03:01,QLFTFSPRR,-1
32018,Negative,HLA-A*03:01,KLMEEYLRR,-1
33957,Negative,HLA-A*03:01,KVASSTTQY,-1
52809,Negative,HLA-A*03:01,QVVNPHLLR,-1
51445,Positive,HLA-A*11:01,QLMYALEPR,1
5223,Positive,HLA-A*11:01,ATYGWNLVK,1
187086,Positive-Low,HLA-A*11:01,RVLSLIGLK,1
232886,Positive,HLA-A*11:01,KVLTPPITH,1
40384,Positive,HLA-A*11:01,LVHTPSIDK,1
150554,Positive,HLA-A*11:01,RTTWSIHAK,1
51104,Positive,HLA-A*11:01,QIMYNYPAM,1
29505,Positive,HLA-A*11:01,IVYAEKIPR,1
140739,Positive,HLA-A*11:01,RSFKDLLKK,1
5200,Positive,HLA-A*11:01,ATVQGQNLK,1
48280,Positive,HLA-A*11:01,PLAYFFKPR,1
124391,Positive,HLA-A*11:01,KTFVDLMRR,1
63646,Positive,HLA-A*11:01,TFFKFLADK,1
18233,Positive,HLA-A*11:01,FVMLEMLNY,1
191095,Positive-Low,HLA-A*11:01,YVNTNMGLK,1
187069,Positive-Low,HLA-A*11:01,KNMEKPGLK,1
66656,Positive,HLA-A*11:01,TTINYTLWR,1
29303,Positive,HLA-A*11:01,IVIDEILFK,1
20218,Positive,HLA-A*11:01,GIAPLQLGK,1
28807,Positive,HLA-A*11:01,ITAEGKCYK,1
3094,Positive,HLA-A*11:01,AMGDAGGYK,1
187063,Positive-High,HLA-A*11:01,GTLTSAINR,1
180577,Positive,HLA-A*11:01,KSGAIKVLK,1
228356,Positive,HLA-A*11:01,ISWDIQDEK,1
58567,Positive,HLA-A*11:01,SIIPSGPLK,1
57919,Positive,HLA-A*11:01,SFTFKEGFK,1
150660,Positive,HLA-A*11:01,TSGSPIIDK,1
55437,Positive,HLA-A*11:01,RQLANAIFK,1
20289,Positive,HLA-A*11:01,GIHHPSNSK,1
32044,Positive,HLA-A*11:01,KLNGAMVEY,1
60461,Positive,HLA-A*11:01,SQIIDISLR,1
5142,Positive,HLA-A*11:01,ATSLDVINY,1
33447,Positive,HLA-A*11:01,KSMREEYRK,1
71503,Positive,HLA-A*11:01,VTSSGAIYK,1
33576,Positive-Low,HLA-A*11:01,KSYETEYPK,1
21665,Positive,HLA-A*11:01,GPISGHVLK,1
29466,Positive,HLA-A*11:01,IVTDFSVIK,1
64939,Positive,HLA-A*11:01,TLLRKHTLK,1
5619,Positive,HLA-A*11:01,AVYGNIKHK,1
140651,Positive,HLA-A*11:01,AMLTAFFLR,1
181219,Positive,HLA-A*11:01,KTGGPIYRR,1
180676,Positive,HLA-A*11:01,MSYTMCSGK,1
5002,Positive,HLA-A*11:01,ATIGTAMYK,1
150607,Positive,HLA-A*11:01,STYGWNLVR,1
59096,Positive,HLA-A*11:01,SLFMILCTR,1
140697,Positive,HLA-A*11:01,KSFKDILPK,1
140654,Positive,HLA-A*11:01,ANTMAMMAR,1
150595,Positive,HLA-A*11:01,SQIGAGVYK,1
5118,Positive,HLA-A*11:01,ATQIPSYKK,1
41517,Positive,HLA-A*11:01,MFMLIFNVK,1
180678,Positive,HLA-A*11:01,MVSRLLLNR,1
61805,Positive,HLA-A*11:01,STNVRSGMK,1
187045,Positive-Low,HLA-A*11:01,AVVVNPSVK,1
180757,Positive,HLA-A*11:01,STYGWNIVK,1
2674,Negative,HLA-A*11:01,ALKRRYTRR,-1
66550,Negative,HLA-A*11:01,TTCESKIHK,-1
54568,Negative,HLA-A*11:01,RLGVRATRK,-1
41996,Negative,HLA-A*11:01,MLLNWHEQK,-1
52570,Negative,HLA-A*11:01,QTMDILKVK,-1
27017,Negative,HLA-A*11:01,ILEEYFMYR,-1
61097,Negative,HLA-A*11:01,SSIISQIIK,-1
46207,Negative,HLA-A*11:01,NTNYTPYNR,-1
18335,Negative,HLA-A*11:01,FVYYLDLIK,-1
51582,Negative,HLA-A*11:01,QLYEFRKVK,-1
28991,Negative,HLA-A*11:01,ITLYDFDYY,-1
66962,Negative,HLA-A*11:01,TVDEDIICK,-1
61695,Negative,HLA-A*11:01,STKLLRFMY,-1
76309,Negative,HLA-A*11:01,YVKFIYFIK,-1
37429,Negative,HLA-A*11:01,LLIWAYLSK,-1
15929,Negative,HLA-A*11:01,FFVAFLAIK,-1
33856,Negative,HLA-A*11:01,KTSERSQPR,-1
62202,Negative,HLA-A*11:01,SVLDIISSK,-1
62043,Negative,HLA-A*11:01,SVAMFNLEY,-1
10592,Negative,HLA-A*11:01,DVFKLLLDK,-1
26037,Negative,HLA-A*11:01,IFCFRILLK,-1
20753,Negative,HLA-A*11:01,GLAESSTPK,-1
61453,Negative,HLA-A*11:01,SSVLTILYY,-1
40477,Negative,HLA-A*11:01,LVNADAVSK,-1
65087,Negative,HLA-A*11:01,TLTFNFTPK,-1
2719,Negative,HLA-A*11:01,ALLNAALHK,-1
19595,Negative,HLA-A*11:01,GFNYPEYNR,-1
46326,Negative,HLA-A*11:01,NTYLFNILY,-1
7324,Negative,HLA-A*11:01,CVYANGINK,-1
3040,Negative,HLA-A*11:01,ALYSPLLNK,-1
22653,Negative,HLA-A*11:01,GTGDAWMVK,-1
75512,Negative,HLA-A*11:01,YQLDAEKEK,-1
55428,Negative,HLA-A*11:01,RQILDNAAK,-1
17896,Negative,HLA-A*11:01,FSYNYFGFK,-1
33990,Negative,HLA-A*11:01,KVFDKSLLY,-1
17787,Negative,HLA-A*11:01,FSNDKGFPK,-1
32989,Negative,HLA-A*11:01,KQHNADLLK,-1
61011,Negative,HLA-A*11:01,SSFVCGIVR,-1
61074,Negative,HLA-A*11:01,SSHRNTMFK,-1
40388,Negative,HLA-A*11:01,LVIFPSHLK,-1
45570,Negative,HLA-A*11:01,NQISIITYR,-1
18267,Negative,HLA-A*11:01,FVQLFRVFK,-1
69866,Negative,HLA-A*11:01,VLYFDNYTK,-1
33336,Negative,HLA-A*11:01,KSHAIYWDK,-1
5204,Negative,HLA-A*11:01,ATVRCRGKK,-1
57837,Negative,HLA-A*11:01,SFLRKIGDK,-1
28225,Negative,HLA-A*11:01,IQSMIAITK,-1
64975,Negative,HLA-A*11:01,TLNHVLALK,-1
35891,Negative,HLA-A*11:01,LFLISLVMK,-1
72812,Negative,HLA-A*11:01,WLTQYYILK,-1
17976,Negative,HLA-A*11:01,FTIGRALFK,-1
37239,Negative,HLA-A*11:01,LLFAAMIIR,-1
40223,Negative,HLA-A*11:01,LTVMYMLNK,-1
35914,Negative,HLA-A*11:01,LFMEMFFDY,-1
140993,Positive,HLA-A*24:02,DYLQYVLQI,1
71988,Positive,HLA-A*24:02,VYDFAFRDL,1
7353,Positive,HLA-A*24:02,CYDHAQTHL,1
44920,Positive,HLA-A*24:02,NLVPMVATV,1
76529,Positive,HLA-A*24:02,YYKVFLARL,1
67308,Positive,HLA-A*24:02,TYACFVSNL,1
56651,Positive,HLA-A*24:02,RYSIFFDYM,1
189755,Positive,HLA-A*24:02,MYNYPTMLD,1
185147,Positive,HLA-A*24:02,NYKERMVTF,1
67419,Positive,HLA-A*24:02,TYPVLEEMF,1
18406,Positive,HLA-A*24:02,FYIQMCTEL,1
50064,Positive,HLA-A*24:02,PYAVCDKCL,1
141226,Positive,HLA-A*24:02,AYLPRPVEF,1
10929,Positive,HLA-A*24:02,DYNFVKQLF,1
23864,Positive,HLA-A*24:02,HFSKCGFPF,1
95112,Positive,HLA-A*24:02,KYQEFFWDA,1
138263,Positive-Low,HLA-A*24:02,YDPVAALFF,1
40710,Positive,HLA-A*24:02,LYALALLLL,1
68562,Positive,HLA-A*24:02,VFSDMETKL,1
71976,Positive,HLA-A*24:02,VYALPLKML,1
140760,Positive,HLA-A*24:02,TYQAWQAQW,1
56502,Positive,HLA-A*24:02,RYAPACKPL,1
52886,Positive-Low,HLA-A*24:02,QYDPVAALF,1
168256,Positive,HLA-A*24:02,CDSTLRLCV,1
67350,Positive,HLA-A*24:02,TYGPVFMSL,1
140986,Positive,HLA-A*24:02,AYAQKIFKI,1
26186,Positive,HLA-A*24:02,IFWQFHQLL,1
3026,Positive,HLA-A*24:02,ALYGVWPLL,1
37453,Positive,HLA-A*24:02,LLKRLHQWI,1
180542,Positive,HLA-A*24:02,ITPMLRHTI,1
1421,Positive,HLA-A*24:02,AFYGVWPLL,1
15110,Positive,HLA-A*24:02,EYVLLLFLL,1
180791,Positive,HLA-A*24:02,TYLALIATF,1
67484,Positive,HLA-A*24:02,TYTSGEACL,1
6671,Positive,HLA-A*24:02,CMTWNQMNL,1
23322,Positive,HLA-A*24:02,GYDQIMPKK,1
29720,Positive,HLA-A*24:02,IYVLVMLVL,1
238315,Positive,HLA-A*24:02,DYLQCVLQI,1
189503,Positive,HLA-A*24:02,TYFNLGNKF,1
111698,Positive,HLA-A*24:02,QYNKPLCDL,1
62508,Positive,HLA-A*24:02,SYAAAQRKL,1
50287,Positive,HLA-A*24:02,QAIRETVEL,1
15885,Positive,HLA-A*24:02,FFQFCPLIF,1
7446,Positive,HLA-A*24:02,CYTWNQMNL,1
50779,Positive,HLA-A*24:02,QFKDNVILL,1
68563,Positive,HLA-A*24:02,VFSDMETKV,1
19490,Positive,HLA-A*24:02,GFADLMGYI,1
62477,Positive,HLA-A*24:02,SWLSLLVPF,1
30815,Positive,HLA-A*24:02,KFPPALPIW,1
122879,Positive,HLA-A*24:02,QEFFWDAND,1
76533,Positive,HLA-A*24:02,YYLEKANKI,1
34482,Positive,HLA-A*24:02,KYKLKHIVW,1
190488,Positive,HLA-A*24:02,LWEWASVRF,1
62731,Positive,HLA-A*24:02,SYTWTGALI,1
69679,Positive,HLA-A*24:02,VLPCSFTTL,1
5915,Positive,HLA-A*24:02,AYRRRWRRL,1
7439,Positive,HLA-A*24:02,CYSLYGTTL,1
189799,Positive,HLA-A*24:02,PYNLRYRVL,1
73306,Positive,HLA-A*24:02,WYYQSGLSI,1
29182,Positive,HLA-A*24:02,ITYSTYGKF,1
57828,Positive,HLA-A*24:02,SFLLSHGLI,1
37830,Positive,HLA-A*24:02,LLSTTEWQI,1
72564,Positive,HLA-A*24:02,WHYPCTANF,1
13195,Positive,HLA-A*24:02,ELNNALQNL,1
26174,Positive,HLA-A*24:02,IFTITKILL,1
46672,Positive,HLA-A*24:02,NYNNLDDKF,1
18337,Positive,HLA-A*24:02,FWAKHMWNF,1
62621,Positive,HLA-A*24:02,SYKTLREFF,1
34616,Positive,HLA-A*24:02,KYTSFPWLL,1
189705,Positive,HLA-A*24:02,KYIAADRKI,1
127611,Positive,HLA-A*24:02,AYQGVQQKW,1
110846,Positive,HLA-A*24:02,EYRHYCYSL,1
67382,Positive,HLA-A*24:02,TYLGIDLGF,1
67471,Positive,HLA-A*24:02,TYSTYGKFL,1
180635,Positive,HLA-A*24:02,LWEGSPGKF,1
105950,Positive,HLA-A*24:02,LWMRLLPLL,1
180711,Positive,HLA-A*24:02,QYIFTGQPL,1
50129,Positive,HLA-A*24:02,PYLFWLAAI,1
189508,Positive,HLA-A*24:02,VYSGSIPYL,1
53027,Positive,HLA-A*24:02,QYSDRRWCF,1
52886,Positive-High,HLA-A*24:02,QYDPVAALF,1
141260,Positive,HLA-A*24:02,EYQRLYATF,1
59709,Positive,HLA-A*24:02,SMLTDPSHI,1
54903,Positive,HLA-A*24:02,RMILMTHFF,1
9794,Positive,HLA-A*24:02,DPVAALFFF,1
141228,Positive,HLA-A*24:02,AYVSVLYRW,1
37685,Positive,HLA-A*24:02,LLPRRGPRL,1
189748,Positive,HLA-A*24:02,MLDHAGDMA,1
46645,Positive,HLA-A*24:02,NYLDLSALL,1
27239,Positive,HLA-A*24:02,ILPCSFTTL,1
71936,Positive,HLA-A*24:02,VWINNSWKF,1
50104,Positive,HLA-A*24:02,PYIEQGMQL,1
189706,Positive,HLA-A*24:02,KYIFPGGLL,1
52886,Positive,HLA-A*24:02,QYDPVAALF,1
141470,Positive,HLA-A*24:02,VYTPSPYVF,1
29181,Positive,HLA-A*24:02,ITYSTYCKF,1
16924,Positive,HLA-A*24:02,FLTSELPQW,1
29558,Positive,HLA-A*24:02,IYAGSLSAL,1
140717,Positive,HLA-A*24:02,MYNYPAMLG,1
15100,Positive,HLA-A*24:02,EYTNIPISL,1
5934,Positive,HLA-A*24:02,AYSQQTRGL,1
72566,Positive,HLA-A*24:02,WHYPCTVNF,1
177564,Positive,HLA-A*24:02,YYNAFHWAI,1
141323,Positive,HLA-A*24:02,KYFYCNSLF,1
180536,Positive,HLA-A*24:02,IQPFLALGF,1
189482,Positive,HLA-A*24:02,LYANSAHAL,1
15061,Positive,HLA-A*24:02,EYLVSFGVW,1
67338,Positive,HLA-A*24:02,TYFSLNNKF,1
7436,Positive,HLA-A*24:02,CYSIEPLDL,1
27586,Positive,HLA-A*24:02,IMYNYPAML,1
18474,Positive,HLA-A*24:02,FYTPLADQF,1
27216,Positive,HLA-A*24:02,ILMTHFFSI,1
50124,Positive,HLA-A*24:02,PYKRIEELL,1
10962,Positive,HLA-A*24:02,DYSPSCCTL,1
138256,Positive,HLA-A*24:02,VAALFFFDI,1
67349,Positive,HLA-A*24:02,TYGPVFMCL,1
35845,Positive,HLA-A*24:02,LFGYPVYVF,1
57790,Positive,HLA-A*24:02,SFHSLHLLF,1
67456,Positive,HLA-A*24:02,TYSAGIVQI,1
23306,Positive,HLA-A*24:02,GYAGTLQSL,1
23472,Negative,HLA-A*24:02,GYTALHCYL,-1
72072,Negative,HLA-A*24:02,VYLDTDVNI,-1
18462,Negative,HLA-A*24:02,FYRSLLTIL,-1
29651,Negative,HLA-A*24:02,IYPNFSKAM,-1
57926,Negative,HLA-A*24:02,SFTLMVESF,-1
72126,Negative,HLA-A*24:02,VYPGACDFL,-1
15797,Negative,HLA-A*24:02,FFDRIRFFY,-1
23877,Negative,HLA-A*24:02,HFVTIVINI,-1
111698,Negative,HLA-A*24:02,QYNKPLCDL,-1
30744,Negative,HLA-A*24:02,KFIKNKIHL,-1
1316,Negative,HLA-A*24:02,AFIISVISL,-1
5703,Negative,HLA-A*24:02,AWVNMPSLL,-1
26105,Negative,HLA-A*24:02,IFLIITKVF,-1
46628,Negative,HLA-A*24:02,NYIVDQLLF,-1
72037,Negative,HLA-A*24:02,VYHDIYIVM,-1
5721,Negative,HLA-A*24:02,AYAEVNNII,-1
10882,Negative,HLA-A*24:02,DYEPVPRKF,-1
15113,Negative,HLA-A*24:02,EYVSYHTVY,-1
40783,Negative,HLA-A*24:02,LYGVVWFNI,-1
46660,Negative,HLA-A*24:02,NYMLLVNRL,-1
62618,Negative,HLA-A*24:02,SYKRFVTDY,-1
13403,Negative,HLA-A*24:02,EMMKTYIEF,-1
34306,Negative,HLA-A*24:02,KWILDCTKI,-1
76500,Negative,HLA-A*24:02,YYETSPGEI,-1
29626,Negative,HLA-A*24:02,IYLSNSSHL,-1
189392,Negative,HLA-A*24:02,DYLSAANML,-1
24335,Negative,HLA-A*24:02,HMAYSFQTF,-1
56538,Negative,HLA-A*24:02,RYGSIPEEL,-1
29625,Negative,HLA-A*24:02,IYLSDSDNI,-1
34448,Negative,HLA-A*24:02,KYHIYTEKL,-1
7369,Negative,HLA-A*24:02,CYGHRGCYY,-1
26106,Negative,HLA-A*24:02,IFLISVIVL,-1
7333,Negative,HLA-A*24:02,CWGPLTEML,-1
29652,Negative,HLA-A*24:02,IYPRDNPEL,-1
53737,Negative,HLA-A*24:02,RFLNDFALL,-1
40953,Negative,HLA-A*24:02,LYSIIERSF,-1
62538,Negative,HLA-A*24:02,SYEVFDDYF,-1
46529,Negative,HLA-A*24:02,NWAPSVRLL,-1
34309,Negative,HLA-A*24:02,KWKPSKPYW,-1
62610,Negative,HLA-A*24:02,SYISDTVNI,-1
15019,Negative,HLA-A*24:02,EYIKTTPRL,-1
62570,Negative,HLA-A*24:02,SYIDIINIY,-1
34463,Negative,HLA-A*24:02,KYILSTADF,-1
63649,Negative,HLA-A*24:02,TFFNRLYSI,-1
34315,Negative,HLA-A*24:02,KWMGDIFVL,-1
53051,Negative,HLA-A*24:02,QYYDIWNMY,-1
34616,Negative,HLA-A*24:02,KYTSFPWLL,-1
40965,Negative,HLA-A*24:02,LYSRCSFSF,-1
71975,Negative,HLA-A*24:02,VYALLLYMF,-1
40787,Negative,HLA-A*24:02,LYHLSINVI,-1
57816,Negative,HLA-A*24:02,SFLDTVYTI,-1
15824,Negative,HLA-A*24:02,FFIKLYIII,-1
35870,Negative,HLA-A*24:02,LFKHYYPYI,-1
69970,Negative,HLA-A*24:02,VMINNVKLF,-1
62534,Negative,HLA-A*24:02,SYENKTMQL,-1
30870,Negative,HLA-A*24:02,KFTYLGESW,-1
34634,Negative,HLA-A*24:02,KYVNNTATL,-1
15920,Negative,HLA-A*24:02,FFTIHNIKM,-1
26172,Negative,HLA-A*24:02,IFTDHGAKI,-1
46709,Negative,HLA-A*24:02,NYTFLYNFW,-1
72195,Negative,HLA-A*24:02,VYWYIWKEI,-1
43865,Negative,HLA-A*24:02,NFKKWCNSL,-1
40680,Negative,HLA-A*24:02,LWLYGYNFI,-1
15014,Negative,HLA-A*24:02,EYIIATIYY,-1
62666,Negative,HLA-A*24:02,SYNRSMTTI,-1
15894,Negative,HLA-A*24:02,FFSGFCNTM,-1
1341,Negative,HLA-A*24:02,AFLDWMDTF,-1
43857,Negative,HLA-A*24:02,NFKEYTISI,-1
10796,Negative,HLA-A*24:02,DWANKQYKF,-1
45029,Negative,HLA-A*24:02,NMTHFTDSI,-1
29720,Negative,HLA-A*24:02,IYVLVMLVL,-1
34299,Negative,HLA-A*24:02,KWIELYMYF,-1
40652,Negative,HLA-A*24:02,LWAIINTIY,-1
10847,Negative,HLA-A*24:02,DYALYIYLF,-1
62681,Negative,HLA-A*24:02,SYQDFIYLL,-1
56555,Negative,HLA-A*24:02,RYITNRLEL,-1
34560,Negative,HLA-A*24:02,KYPLEKTQY,-1
30776,Negative,HLA-A*24:02,KFLSKLMNI,-1
34396,Negative,HLA-A*24:02,KYEYLSYIY,-1
12112,Negative,HLA-A*24:02,EFYNEVASW,-1
76515,Negative,HLA-A*24:02,YYHISKPKM,-1
30800,Negative,HLA-A*24:02,KFNRAVTIF,-1
62656,Negative,HLA-A*24:02,SYNDYFNVL,-1
29596,Negative,HLA-A*24:02,IYIPGTIIL,-1
73805,Negative,HLA-A*24:02,YFEEIDNEL,-1
27458,Negative,HLA-A*24:02,IMCSIVPLW,-1
29698,Negative,HLA-A*24:02,IYTCINFIL,-1
30840,Negative,HLA-A*24:02,KFRPLMIFM,-1
34383,Negative,HLA-A*24:02,KYDPVLMFL,-1
18446,Negative,HLA-A*24:02,FYPLATYPL,-1
30763,Negative,HLA-A*24:02,KFKTLNIYM,-1
15016,Negative,HLA-A*24:02,EYIIKKNDI,-1
56606,Negative,HLA-A*24:02,RYNVIASSI,-1
5913,Negative,HLA-A*24:02,AYRPQNAPI,-1
57876,Negative,HLA-A*24:02,SFQTFHEYI,-1
23259,Negative,HLA-A*24:02,GWIPETAIW,-1
25142,Negative,HLA-A*24:02,HWTTYMDTF,-1
40788,Negative,HLA-A*24:02,LYHNSEYSM,-1
18348,Negative,HLA-A*24:02,FWIIIIIVY,-1
14997,Negative,HLA-A*24:02,EYFISRTSI,-1
189482,Negative,HLA-A*24:02,LYANSAHAL,-1
67387,Negative,HLA-A*24:02,TYLYNKYSF,-1
72418,Negative,HLA-A*24:02,WFLVGVAII,-1
18427,Negative,HLA-A*24:02,FYLKIGTLL,-1
15005,Negative,HLA-A*24:02,EYHLLFANI,-1
34388,Negative,HLA-A*24:02,KYDVIVYWY,-1
76521,Negative,HLA-A*24:02,YYILKNEYY,-1
29576,Negative,HLA-A*24:02,IYFIKENSI,-1
14944,Negative,HLA-A*24:02,EWLTAVEHI,-1
18419,Negative,HLA-A*24:02,FYKRLLDLF,-1
25128,Negative,HLA-A*24:02,HWGRAVWTI,-1
67367,Negative,HLA-A*24:02,TYIDVNEEY,-1
34461,Negative,HLA-A*24:02,KYIGLFIYI,-1
72181,Negative,HLA-A*24:02,VYVGNVAWM,-1
56582,Negative,HLA-A*24:02,RYLPSLVLI,-1
71963,Negative,HLA-A*24:02,VWTIIFIVL,-1
62580,Negative,HLA-A*24:02,SYIILFILF,-1
50176,Negative,HLA-A*24:02,PYTIKYKIF,-1
30813,Negative,HLA-A*24:02,KFPKISISY,-1
26031,Negative,HLA-A*24:02,IFAHISHSI,-1
17971,Positive,HLA-A*26:01,FTIDFKLKY,1
6661,Positive,HLA-A*26:01,CMLTEFLHY,1
24819,Positive,HLA-A*26:01,HSNLNDATY,1
14324,Positive,HLA-A*26:01,ETACLGKAY,1
24986,Positive,HLA-A*26:01,HTTKGAALM,1
14325,Positive,HLA-A*26:01,ETACLGKSY,1
68982,Positive,HLA-A*26:01,VIHASGKQM,1
9354,Positive,HLA-A*26:01,DMCDIYLLY,1
182772,Positive,HLA-A*26:01,DISEMGANF,1
14731,Positive,HLA-A*26:01,EVIPMFSAL,1
52347,Positive,HLA-A*26:01,QSITRSLIY,1
75755,Positive,HLA-A*26:01,YSHGTGTGY,1
26460,Negative,HLA-A*26:01,IIDTIGRDY,-1
12116,Negative,HLA-A*26:01,EGADNFIDY,-1
51641,Negative,HLA-A*26:01,QMRTPLHKY,-1
42710,Negative,HLA-A*26:01,MSTRNIEYY,-1
28735,Negative,HLA-A*26:01,ISSVLTILY,-1
67547,Negative,HLA-A*26:01,VADETELPY,-1
4752,Negative,HLA-A*26:01,ASRLKFNLY,-1
7174,Negative,HLA-A*26:01,CTKTDCDKY,-1
72451,Negative,HLA-A*26:01,WGDEFERLY,-1
18554,Negative,HLA-A*26:01,GADLEKYFY,-1
15496,Negative,HLA-A*26:01,FEDAAIVDY,-1
17087,Negative,HLA-A*26:01,FMRDWNSKY,-1
18406,Positive,HLA-A*29:02,FYIQMCTEL,1
52347,Positive,HLA-A*29:02,QSITRSLIY,1
141341,Positive,HLA-A*29:02,LLAYVSVLY,1
6661,Positive,HLA-A*29:02,CMLTEFLHY,1
141484,Positive,HLA-A*29:02,YVAGFLALY,1
9354,Positive,HLA-A*29:02,DMCDIYLLY,1
141469,Positive,HLA-A*29:02,VYMSPFYGY,1
141208,Positive,HLA-A*29:02,ALATVTLKY,1
141479,Positive,HLA-A*29:02,YMANQILRY,1
141206,Positive,HLA-A*29:02,AILTQYWKY,1
141211,Positive,HLA-A*29:02,ALLAKMLFY,1
75755,Positive,HLA-A*29:02,YSHGTGTGY,1
17971,Positive,HLA-A*29:02,FTIDFKLKY,1
72053,Positive,HLA-A*29:02,VYINHPFMY,1
24092,Positive,HLA-A*29:02,HISALKRRY,1
72053,Positive-High,HLA-A*29:02,VYINHPFMY,1
141324,Positive,HLA-A*29:02,LASDPHYEY,1
141418,Positive,HLA-A*29:02,SIVHHHAQY,1
141222,Positive,HLA-A*29:02,AVLCLYLLY,1
72650,Negative,HLA-A*29:02,WISDNTHIY,-1
50849,Negative,HLA-A*29:02,QGDYKVEEY,-1
66400,Negative,HLA-A*29:02,TSRNKMFLY,-1
46261,Negative,HLA-A*29:02,NTSIKEIKY,-1
75931,Negative,HLA-A*29:02,YSYIFLSSY,-1
76067,Negative,HLA-A*29:02,YTGVNGAVY,-1
46129,Negative,HLA-A*29:02,NTIMMLHCY,-1
12974,Negative,HLA-A*29:02,ELDDYDYDY,-1
22839,Negative,HLA-A*29:02,GTSNWTGNY,-1
66983,Negative,HLA-A*29:02,TVEESTLKY,-1
53837,Negative,HLA-A*29:02,RGDLETLGY,-1
6451,Negative,HLA-A*29:02,CISLQFSNY,-1
69955,Negative,HLA-A*29:02,VMGGVYTTY,-1
28840,Negative,HLA-A*29:02,ITCKAFGLY,-1
44969,Negative,HLA-A*29:02,NMESASTEY,-1
18027,Negative,HLA-A*29:02,FTNLLCHIY,-1
66206,Negative,HLA-A*29:02,TSFTNDILY,-1
42668,Negative,HLA-A*29:02,MSSFVTNGY,-1
74368,Negative,HLA-A*29:02,YISDTVNIY,-1
3064,Positive,HLA-A*30:02,AMASTEGNV,1
52308,Positive,HLA-A*30:02,QSDTVFDYY,1
17932,Positive,HLA-A*30:02,FTDWANKQY,1
140649,Positive,HLA-A*30:02,AMEDLVRAY,1
61234,Positive,HLA-A*30:02,SSNIMSESY,1
27586,Positive,HLA-A*30:02,IMYNYPAML,1
24819,Positive,HLA-A*30:02,HSNLNDATY,1
70917,Positive,HLA-A*30:02,VSEKYTDMY,1
51104,Positive,HLA-A*30:02,QIMYNYPAM,1
243835,Positive,HLA-A*30:02,SARLAGIPY,1
22699,Positive,HLA-A*30:02,GTHVLLPFY,1
189829,Positive,HLA-A*30:02,RMWELYLAY,1
33285,Positive,HLA-A*30:02,KSCLPACVY,1
60546,Positive,HLA-A*30:02,SQSDTVFDY,1
75755,Positive,HLA-A*30:02,YSHGTGTGY,1
32417,Negative,HLA-A*30:02,KMVYALLLY,-1
12652,Negative,HLA-A*30:02,EKDYALYIY,-1
59675,Negative,HLA-A*30:02,SMIELQSDY,-1
21390,Negative,HLA-A*30:02,GNAYFCYDY,-1
64270,Negative,HLA-A*30:02,TIDKSSPLY,-1
68919,Negative,HLA-A*30:02,VIDDVREKY,-1
58708,Negative,HLA-A*30:02,SISQRYNDY,-1
71128,Negative,HLA-A*30:02,VSSLSEITY,-1
70899,Negative,HLA-A*30:02,VSDGPPTGY,-1
28746,Negative,HLA-A*30:02,ISTKLSCHY,-1
33470,Negative,HLA-A*30:02,KSPLPSLEY,-1
40568,Negative,HLA-A*30:02,LVSATKQKY,-1
16163,Negative,HLA-A*30:02,FIANNDCRY,-1
61823,Negative,HLA-A*30:02,STPKSSIYY,-1
5299,Negative,HLA-A*30:02,AVDSFFEPY,-1
97466,Positive,HLA-B*07:02,LPFDKTTIM,1
38471,Positive,HLA-B*07:02,LPFEKSTVM,1
150343,Positive,HLA-B*07:02,KPRWLDARI,1
96413,Positive,HLA-B*07:02,IPLMRKAYL,1
82286,Positive,HLA-B*07:02,FPKNDFVSF,1
116127,Positive,HLA-B*07:02,LPFDRPTIM,1
21656,Positive,HLA-B*07:02,GPHETITAL,1
65747,Positive,HLA-B*07:02,TPRVTGGGA,1
42342,Positive,HLA-B*07:02,MPVGGQSSF,1
27586,Positive,HLA-B*07:02,IMYNYPAML,1
105936,Positive,HLA-B*07:02,LPLLALLAL,1
6954,Positive,HLA-B*07:02,CRVLCCYVL,1
180512,Positive,HLA-B*07:02,IANQATVLM,1
86985,Positive,HLA-B*07:02,NPSVLKILL,1
141216,Positive,HLA-B*07:02,APASVYQPA,1
96595,Positive,HLA-B*07:02,LPLMRKAYL,1
150557,Positive,HLA-B*07:02,RVIDPRRCM,1
136890,Positive,HLA-B*07:02,TPPGSRDPF,1
105936,Positive-High,HLA-B*07:02,LPLLALLAL,1
226666,Positive,HLA-B*07:02,RPLVAPPPA,1
226579,Positive,HLA-B*07:02,APQPVRIDN,1
56309,Positive,HLA-B*07:02,RVIDPRRCL,1
490,Positive,HLA-B*07:02,AAVKAGAAL,1
148397,Positive,HLA-B*07:02,VPFVVFLVA,1
226641,Positive,HLA-B*07:02,LVAPPPAPA,1
96414,Positive,HLA-B*07:02,IPVMRKAYL,1
51946,Positive,HLA-B*07:02,QPRAPIRPI,1
45374,Positive,HLA-B*07:02,NPKASLLSL,1
226576,Positive,HLA-B*07:02,APPPAPAPA,1
150461,Positive,HLA-B*07:02,MTQKARNAL,1
60265,Positive,HLA-B*07:02,SPSNHHILL,1
51809,Positive,HLA-B*07:02,QPEWFRNVL,1
150474,Positive,HLA-B*07:02,NPLTLTAAV,1
65546,Positive,HLA-B*07:02,TPEGIIPAL,1
226679,Positive,HLA-B*07:02,SPVNKSFEI,1
138233,Positive,HLA-B*07:02,RQYDPVAAL,1
29558,Positive,HLA-B*07:02,IYAGSLSAL,1
66931,Positive,HLA-B*07:02,TVADVRHCL,1
150396,Positive,HLA-B*07:02,LPIRYQTPA,1
141218,Positive,HLA-B*07:02,APRTWCRLL,1
180729,Positive,HLA-B*07:02,RPTPKGAVM,1
177987,Positive-Low,HLA-B*07:02,SPGSGFWSF,1
27901,Positive,HLA-B*07:02,IPKLVANNT,1
150169,Positive,HLA-B*07:02,DPRRCLKPV,1
150538,Positive,HLA-B*07:02,RPRWLDART,1
147936,Positive,HLA-B*07:02,LPQFATAAT,1
188784,Positive,HLA-B*07:02,YPSNKNYEI,1
70458,Positive,HLA-B*07:02,VPQYGYLTL,1
42262,Positive,HLA-B*07:02,MPAYIRNTL,1
141468,Positive,HLA-B*07:02,VVRGPTVSL,1
141462,Positive,HLA-B*07:02,VPRPDDPVL,1
150693,Positive,HLA-B*07:02,VPNYNLIIM,1
65549,Positive,HLA-B*07:02,TPEGIIPSM,1
38427,Positive,HLA-B*07:02,LPCVLWPVL,1
55313,Positive,HLA-B*07:02,RPRDAIRFL,1
189750,Positive,HLA-B*07:02,MPVGGGSSF,1
38400,Positive,HLA-B*07:02,LPAIVREAI,1
150537,Positive,HLA-B*07:02,RPGYHTQTA,1
226678,Positive,HLA-B*07:02,SPAANAPDA,1
21757,Positive-Low,HLA-B*07:02,GPRLGVRAT,1
177593,Positive-High,HLA-B*07:02,AHVDKCLEL,1
27924,Positive,HLA-B*07:02,IPLKYIVLM,1
140708,Positive,HLA-B*07:02,MAMMARDTA,1
21783,Positive,HLA-B*07:02,GPSLRTTTV,1
226656,Positive,HLA-B*07:02,QPVRIDNPV,1
97469,Positive,HLA-B*07:02,LPSFGVSGI,1
140652,Positive,HLA-B*07:02,AMMARDTAE,1
116136,Positive,HLA-B*07:02,LPFERATVM,1
55252,Positive,HLA-B*07:02,RPPIFIRRL,1
38467,Positive,HLA-B*07:02,LPFDKSTIM,1
150538,Positive-Low,HLA-B*07:02,RPRWLDART,1
150692,Positive,HLA-B*07:02,VPMVTQMAM,1
55320,Positive,HLA-B*07:02,RPRGEVRFL,1
24427,Positive,HLA-B*07:02,HPALVFDIT,1
47005,Positive,HLA-B*07:02,PAWSRRTLL,1
24498,Positive,HLA-B*07:02,HPRHYATVM,1
141461,Positive,HLA-B*07:02,VPGWSRRTL,1
21780,Positive,HLA-B*07:02,GPSLIGLAM,1
150534,Positive,HLA-B*07:02,RPASAWTLY,1
186029,Positive-Low,HLA-B*07:02,TPTWNRKEL,1
150254,Positive,HLA-B*07:02,GPLVAGGLL,1
141231,Positive,HLA-B*07:02,CPRRPAVAF,1
180730,Positive,HLA-B*07:02,RPTPKGTVM,1
21635,Positive,HLA-B*07:02,GPGHKARVL,1
38466,Positive,HLA-B*07:02,LPFDKPTIM,1
83811,Positive,HLA-B*07:02,IPKYLEIEI,1
226623,Positive,HLA-B*07:02,KGRLAALAI,1
150341,Positive,HLA-B*07:02,KPGTSGSPI,1
44920,Positive,HLA-B*07:02,NLVPMVATV,1
55298,Positive,HLA-B*07:02,RPQKRPSCI,1
38472,Positive,HLA-B*07:02,LPFERATIM,1
17415,Positive,HLA-B*07:02,FPSVFINPI,1
226610,Positive,HLA-B*07:02,IAAMASASL,1
9746,Positive,HLA-B*07:02,DPRRRSRNL,1
177606,Positive,HLA-B*07:02,APVIKARMM,1
180371,Positive,HLA-B*07:02,APFESEGVL,1
141217,Positive,HLA-B*07:02,APRIGGRRA,1
17451,Positive,HLA-B*07:02,FPYEGGKVF,1
150541,Positive,HLA-B*07:02,RPTPRGTVM,1
21757,Positive,HLA-B*07:02,GPRLGVRAT,1
183828,Positive,HLA-B*07:02,IPMVTQIAM,1
21705,Positive,HLA-B*07:02,GPMKLVMAF,1
55102,Positive,HLA-B*07:02,RPAADGKTV,1
45372,Positive,HLA-B*07:02,NPITLTAAL,1
74558,Positive,HLA-B*07:02,YLAGAGLAF,1
177585,Positive,HLA-B*07:02,ACDGERPTL,1
17390,Positive,HLA-B*07:02,FPRSMLSIF,1
21663,Positive,HLA-B*07:02,GPIRFVLAL,1
55189,Negative,HLA-B*07:02,RPKIKTNDI,-1
121345,Negative,HLA-B*07:02,GPCFLWLKL,-1
188727,Negative,HLA-B*07:02,NPNSDLIKI,-1
32801,Negative,HLA-B*07:02,KPMPKQREM,-1
17404,Negative,HLA-B*07:02,FPSGMFAEV,-1
28042,Negative,HLA-B*07:02,IPRHIFYQL,-1
60124,Negative,HLA-B*07:02,SPLMRSICV,-1
6833,Negative,HLA-B*07:02,CPRRYLHRL,-1
6765,Negative,HLA-B*07:02,CPGTYASRL,-1
28044,Negative,HLA-B*07:02,IPRLLRTFL,-1
60012,Negative,HLA-B*07:02,SPDCMVICL,-1
60321,Negative,HLA-B*07:02,SPVMSGNSY,-1
86459,Negative,HLA-B*07:02,MPTVDEDLF,-1
27922,Negative,HLA-B*07:02,IPLKIVRFF,-1
17307,Negative,HLA-B*07:02,FPIDHAVII,-1
55107,Negative,HLA-B*07:02,RPADSITYL,-1
60325,Negative,HLA-B*07:02,SPVSILSTL,-1
3917,Negative,HLA-B*07:02,APYIALLTI,-1
27887,Negative,HLA-B*07:02,IPIYNILFW,-1
150835,Negative,HLA-B*07:02,DPNNMDRAV,-1
27949,Negative,HLA-B*07:02,IPLYERRSF,-1
188738,Negative,HLA-B*07:02,RPFPKLRIL,-1
60356,Negative,HLA-B*07:02,SPYYRNSVA,-1
27956,Negative,HLA-B*07:02,IPMSIISFF,-1
60048,Negative,HLA-B*07:02,SPFGYSFSM,-1
17432,Negative,HLA-B*07:02,FPTTKAKVL,-1
55318,Negative,HLA-B*07:02,RPRFLSQNM,-1
188678,Negative,HLA-B*07:02,GPGGLSALL,-1
60142,Negative,HLA-B*07:02,SPLTGNNTI,-1
60130,Negative,HLA-B*07:02,SPLQEPIRL,-1
3775,Negative,HLA-B*07:02,APRELLQYI,-1
59973,Negative,HLA-B*07:02,SPAHLINKL,-1
3663,Negative,HLA-B*07:02,APNPNRFVI,-1
70248,Negative,HLA-B*07:02,VPAMFTAAL,-1
60313,Negative,HLA-B*07:02,SPVIVNGAM,-1
226578,Negative,HLA-B*07:02,APPVPTTAA,-1
60350,Negative,HLA-B*07:02,SPYRSSKVI,-1
55229,Negative,HLA-B*07:02,RPLYITLHL,-1
38603,Negative,HLA-B*07:02,LPNSNINII,-1
38742,Negative,HLA-B*07:02,LPTVHPHAI,-1
188756,Negative,HLA-B*07:02,SPSSPGSSL,-1
3778,Negative,HLA-B*07:02,APRGSIIFI,-1
188711,Negative,HLA-B*07:02,LPDGIVTSI,-1
60224,Negative,HLA-B*07:02,SPRPEMQEF,-1
38553,Negative,HLA-B*07:02,LPKEYSSEL,-1
55320,Negative,HLA-B*07:02,RPRGEVRFL,-1
32859,Negative,HLA-B*07:02,KPRCNPAVA,-1
226651,Negative,HLA-B*07:02,PPQRAAMAA,-1
3501,Negative,HLA-B*07:02,APCEHQIRL,-1
27858,Negative,HLA-B*07:02,IPGVRCLSL,-1
121583,Negative,HLA-B*07:02,LPTGQDFSL,-1
188783,Negative,HLA-B*07:02,YPNQEYDYF,-1
121655,Negative,HLA-B*07:02,NPDGYIDVL,-1
38591,Negative,HLA-B*07:02,LPMIIGEPI,-1
38756,Negative,HLA-B*07:02,LPVIFLSIF,-1
2916,Negative,HLA-B*07:02,ALSYSTGAL,-1
55273,Negative,HLA-B*07:02,RPPSFYKPL,-1
65800,Negative,HLA-B*07:02,TPVIVVPVI,-1
28077,Negative,HLA-B*07:02,IPSTFDLAI,-1
42335,Negative,HLA-B*07:02,MPTNKKINM,-1
6804,Negative,HLA-B*07:02,CPLHIISAF,-1
188680,Negative,HLA-B*07:02,GPVRPYFSL,-1
32798,Negative,HLA-B*07:02,KPLVSEINM,-1
27977,Negative,HLA-B*07:02,IPPMNSPRL,-1
60101,Negative,HLA-B*07:02,SPKHTNSKL,-1
75421,Negative,HLA-B*07:02,YPTNKLQAA,-1
27925,Negative,HLA-B*07:02,IPLLFILFY,-1
60210,Negative,HLA-B*07:02,SPQVKDNII,-1
55180,Negative,HLA-B*07:02,RPIVISKAL,-1
38680,Negative,HLA-B*07:02,LPRPDTRHL,-1
38719,Negative,HLA-B*07:02,LPSPKKLIA,-1
60352,Negative,HLA-B*07:02,SPYTINCLL,-1
70339,Negative,HLA-B*07:02,VPILENLGL,-1
55377,Negative,HLA-B*07:02,RPVVVVNWI,-1
24523,Negative,HLA-B*07:02,HPTYLPKVL,-1
121868,Negative,HLA-B*07:02,SPHLFGQAL,-1
121761,Negative,HLA-B*07:02,QPLSCDWGT,-1
32647,Negative,HLA-B*07:02,KPAHINLTA,-1
3550,Negative,HLA-B*07:02,APFLNLILI,-1
70288,Negative,HLA-B*07:02,VPFMRTDML,-1
42259,Negative,HLA-B*07:02,MPASHNNLA,-1
60223,Negative,HLA-B*07:02,SPRLYASGI,-1
38792,Negative,HLA-B*07:02,LPYTINLLL,-1
121211,Negative,HLA-B*07:02,DPLNPTSQL,-1
188667,Negative,HLA-B*07:02,EPLELVRYI,-1
75353,Negative,HLA-B*07:02,YPLEYFSLV,-1
17387,Negative,HLA-B*07:02,FPRKDKSIM,-1
60094,Negative,HLA-B*07:02,SPKERLPYI,-1
65755,Negative,HLA-B*07:02,TPRYSGASV,-1
177987,Negative,HLA-B*07:02,SPGSGFWSF,-1
188750,Negative,HLA-B*07:02,SPAGSTRVL,-1
60261,Negative,HLA-B*07:02,SPSLTFTRF,-1
121999,Negative,HLA-B*07:02,VPPEAKMPL,-1
75359,Negative,HLA-B*07:02,YPLHIASKI,-1
27996,Negative,HLA-B*07:02,IPQKTIIKM,-1
6811,Negative,HLA-B*07:02,CPMMMKRLM,-1
21662,Negative,HLA-B*07:02,GPIKSMIEI,-1
226577,Negative,HLA-B*07:02,APPPQRAAM,-1
75403,Negative,HLA-B*07:02,YPRSNCGGL,-1
75419,Negative,HLA-B*07:02,YPTNDIPSL,-1
60050,Negative,HLA-B*07:02,SPFIVISPM,-1
188686,Negative,HLA-B*07:02,IPITESLSF,-1
3115,Negative,HLA-B*07:02,AMISLAKKI,-1
55296,Negative,HLA-B*07:02,RPQHMLMRV,-1
55356,Negative,HLA-B*07:02,RPTPKKMNI,-1
60136,Negative,HLA-B*07:02,SPLSKCVVV,-1
27974,Negative,HLA-B*07:02,IPPLIIRPA,-1
38432,Negative,HLA-B*07:02,LPDIFYNFI,-1
38471,Positive,HLA-B*35:01,LPFEKSTVM,1
55315,Positive,HLA-B*35:01,RPREATIIY,1
28040,Positive,HLA-B*35:01,IPRDEVRVM,1
32860,Positive,HLA-B*35:01,KPRDDAAAL,1
55188,Positive,HLA-B*35:01,RPKIDDHDY,1
55191,Positive,HLA-B*35:01,RPKPDTETY,1
55192,Positive,HLA-B*35:01,RPKPDYSAM,1
55199,Positive,HLA-B*35:01,RPKVEGLEY,1
55324,Positive,HLA-B*35:01,RPRLDSITY,1
55334,Positive,HLA-B*35:01,RPRYEIFVY,1
27900,Positive,HLA-B*35:01,IPKLRQGSY,1
32710,Positive,HLA-B*35:01,KPGCDAPAY,1
55156,Positive,HLA-B*35:01,RPGCDAPAY,1
60095,Positive,HLA-B*35:01,SPKETWLRL,1
42342,Positive,HLA-B*35:01,MPVGGQSSF,1
38515,Positive,HLA-B*35:01,LPGTAVVPL,1
70507,Positive,HLA-B*35:01,VPWQPAFVF,1
13787,Negative,HLA-B*35:01,EPYLDPATM,-1
72965,Positive,HLA-B*35:01,WPTLIGLAM,1
27786,Positive,HLA-B*35:01,IPAEFLENF,1
38467,Positive,HLA-B*35:01,LPFDKSTIM,1
38466,Positive,HLA-B*35:01,LPFDKPTIM,1
65552,Positive,HLA-B*35:01,TPEGIIPTL,1
65549,Positive,HLA-B*35:01,TPEGIIPSM,1
13787,Positive,HLA-B*35:01,EPYLDPATM,1
20354,Positive,HLA-B*35:01,GILGFVFTL,1
28061,Positive,HLA-B*35:01,IPSINVHHY,1
65610,Negative,HLA-B*35:01,TPIPAASQL,-1
24479,Positive,HLA-B*35:01,HPNIEEVAL,1
70298,Negative,HLA-B*35:01,VPGAAYALY,-1
75266,Negative,HLA-B*35:01,YPCTVNFTI,-1
13683,Negative,HLA-B*35:01,EPLDLPQII,-1
38549,Negative,HLA-B*35:01,LPIWARPDY,-1
60146,Negative,HLA-B*35:01,SPLTTQNTL,-1
27785,Negative,HLA-B*35:01,IPAASQLDL,-1
60176,Negative,HLA-B*35:01,SPPAVPQTF,-1
72951,Negative,HLA-B*35:01,WPLYGNEGL,-1
38629,Negative,HLA-B*35:01,LPPTTGPPI,-1
38405,Negative,HLA-B*35:01,LPALSTGLI,-1
3695,Negative,HLA-B*35:01,APPPSWDQM,-1
28094,Negative,HLA-B*35:01,IPTSGDVVI,-1
6836,Negative,HLA-B*35:01,CPSGHAVGI,-1
38556,Positive,HLA-B*35:01,LPKLPGVPF,1
13638,Positive,HLA-B*35:01,EPEPDVAVL,1
65494,Positive,HLA-B*35:01,TPAETTVRL,1
38494,Positive,HLA-B*35:01,LPGCSFSIF,1
38704,Negative,HLA-B*35:01,LPSENERGY,-1
38468,Positive,HLA-B*35:01,LPFDRTTIM,1
95513,Positive,HLA-B*35:01,KPIVVLHGY,1
16878,Positive,HLA-B*35:01,FLRGRAYGL,1
75356,Positive,HLA-B*35:01,YPLHEQHGM,1
55298,Positive,HLA-B*35:01,RPQKRPSCI,1
45641,Positive,HLA-B*35:01,NQWKEPDVY,1
38647,Negative,HLA-B*35:01,LPQGQLTAY,-1
38472,Positive,HLA-B*35:01,LPFERATIM,1
38473,Positive,HLA-B*35:01,LPFERSTIM,1
105333,Positive,HLA-B*35:01,MGSLEMVPM,1
105332,Negative,HLA-B*35:01,MGSLEMMPM,-1
105331,Negative,HLA-B*35:01,MGSLEMLPM,-1
105334,Negative,HLA-B*35:01,MGSLEVMPM,-1
75356,Positive-Intermediate,HLA-B*35:01,YPLHEQHGM,1
130953,Positive,HLA-B*35:01,LMPDVAHSL,1
130902,Positive-Low,HLA-B*35:01,IPIILKALY,1
38472,Negative,HLA-B*35:01,LPFERATIM,-1
38468,Negative,HLA-B*35:01,LPFDRTTIM,-1
97466,Positive,HLA-B*35:01,LPFDKTTIM,1
38471,Positive-Low,HLA-B*35:01,LPFEKSTVM,1
116136,Positive-Low,HLA-B*35:01,LPFERATVM,1
38468,Positive-Low,HLA-B*35:01,LPFDRTTIM,1
38467,Negative,HLA-B*35:01,LPFDKSTIM,-1
97466,Negative,HLA-B*35:01,LPFDKTTIM,-1
116136,Positive,HLA-B*35:01,LPFERATVM,1
2525,Positive,HLA-B*35:01,ALFFFDIDL,1
97466,Positive-Low,HLA-B*35:01,LPFDKTTIM,1
38467,Positive-Low,HLA-B*35:01,LPFDKSTIM,1
38466,Negative,HLA-B*35:01,LPFDKPTIM,-1
28061,Positive-Low,HLA-B*35:01,IPSINVHHY,1
180637,Positive,HLA-B*35:01,MAFIAFLRF,1
180502,Positive,HLA-B*35:01,HPASAWTLY,1
180529,Positive,HLA-B*35:01,IPITAAAWY,1
180646,Positive,HLA-B*35:01,MAVGMVSIL,1
180781,Positive,HLA-B*35:01,TPQDNQLTY,1
180512,Positive,HLA-B*35:01,IANQATVLM,1
180394,Positive,HLA-B*35:01,CPTQGEAVL,1
6858,Positive,HLA-B*35:01,CPTQGEATL,1
150612,Positive,HLA-B*35:01,TAEAGGRAY,1
65567,Positive,HLA-B*35:01,TPFGQQRVF,1
150450,Positive,HLA-B*35:01,MPVTHSSAA,1
180640,Positive,HLA-B*35:01,MALKDFKEF,1
150623,Positive,HLA-B*35:01,TIMAAILAY,1
45302,Positive,HLA-B*35:01,NPAQEDDQY,1
180514,Positive,HLA-B*35:01,IAVSMANIF,1
136890,Positive,HLA-B*35:01,TPPGSRDPF,1
180409,Positive,HLA-B*35:01,DPIPYDPKF,1
180802,Positive,HLA-B*35:01,VPLLAIGCY,1
180794,Positive,HLA-B*35:01,VATTFVTPM,1
180656,Positive,HLA-B*35:01,MLIPTAMAF,1
180682,Positive,HLA-B*35:01,NPEIEDDIF,1
41093,Positive,HLA-B*35:01,MANIFRGSY,1
180814,Positive,HLA-B*35:01,WAYHGSYET,1
180613,Positive,HLA-B*35:01,LPEEQDQNY,1
150448,Positive,HLA-B*35:01,MMATIGIAL,1
180657,Positive,HLA-B*35:01,MLVTPSMTM,1
180817,Positive,HLA-B*35:01,WHYDQDHPY,1
180453,Positive,HLA-B*35:01,FGAIYGAAF,1
150217,Positive,HLA-B*35:01,FPQSNAPIM,1
180497,Positive,HLA-B*35:01,HALLATSIF,1
180639,Positive,HLA-B*35:01,MAILGDTAW,1
180813,Positive,HLA-B*35:01,WALCESITL,1
180780,Positive,HLA-B*35:01,TPQDNQLAY,1
180614,Positive,HLA-B*35:01,LPESLETLM,1
180803,Positive,HLA-B*35:01,VPLLAMGCY,1
180642,Positive,HLA-B*35:01,MAMTCIAVG,1
180660,Positive,HLA-B*35:01,MMLPATLAF,1
180530,Positive,HLA-B*35:01,IPKAYAGPF,1
180658,Positive,HLA-B*35:01,MLWMAEIPL,1
180777,Positive,HLA-B*35:01,TPEARNSTF,1
180776,Positive,HLA-B*35:01,TPEAKNSTF,1
180687,Positive,HLA-B*35:01,NPWMEDKTH,1
180652,Positive,HLA-B*35:01,MGYWIESAL,1
180511,Positive,HLA-B*35:01,IANQAAILM,1
181994,Positive,HLA-B*35:01,LPFERATVL,1
38471,Negative,HLA-B*35:01,LPFEKSTVM,-1
181994,Negative,HLA-B*35:01,LPFERATVL,-1
97467,Positive,HLA-B*35:01,LPFEKSTIM,1
184568,Positive,HLA-B*35:01,LPWTSGATT,1
184254,Positive,HLA-B*35:01,LAILFEEVM,1
184819,Positive,HLA-B*35:01,MIAGVFFTF,1
186347,Positive,HLA-B*35:01,VPNYNLIVM,1
35162,Positive,HLA-B*37:01,LDFVRFMGV,1
68386,Positive,HLA-B*37:01,VETSISDYY,1
68267,Positive,HLA-B*37:01,VELGSGNSF,1
8088,Positive,HLA-B*37:01,DELVDPINY,1
15501,Positive,HLA-B*37:01,FEDLRVLSF,1
47252,Negative,HLA-B*37:01,PEDMHTDKF,-1
25747,Negative,HLA-B*37:01,IEDFNIKHL,-1
57514,Negative,HLA-B*37:01,SELDIIKIL,-1
68231,Negative,HLA-B*37:01,VEKDCLMVF,-1
25901,Negative,HLA-B*37:01,IENALVASL,-1
183667,Positive,HLA-B*40:01,IEKASLIEV,1
35407,Positive,HLA-B*40:01,LEDRDRSEL,1
11500,Positive,HLA-B*40:01,EEAIVAYTL,1
25756,Positive,HLA-B*40:01,IEDPPFNSL,1
23732,Positive,HLA-B*40:01,HERNGFTVL,1
180595,Positive,HLA-B*40:01,LETLMLVAL,1
53476,Positive,HLA-B*40:01,REDQWCGSL,1
180718,Positive,HLA-B*40:01,REDLWCGSL,1
63595,Positive,HLA-B*40:01,TEYDDHINL,1
6156,Positive,HLA-B*40:01,CEDVPSGKL,1
63582,Positive,HLA-B*40:01,TEVMTAVGL,1
94640,Positive,HLA-B*40:01,PEDCLPTTL,1
186217,Positive,HLA-B*40:01,VEDERFWDL,1
180701,Positive,HLA-B*40:01,QEGAMHSAL,1
35458,Positive,HLA-B*40:01,LEFEALGFL,1
180593,Positive,HLA-B*40:01,LEFEALGFM,1
50596,Positive,HLA-B*40:01,QEGAMHTAL,1
1211,Positive,HLA-B*40:01,AEVEEHRTV,1
30660,Positive,HLA-B*40:01,KEVNSQLSL,1
182901,Positive,HLA-B*40:01,EETNMITLL,1
19430,Positive,HLA-B*40:01,GESKSYCEL,1
185893,Positive,HLA-B*40:01,TEVTNPAVL,1
94497,Positive,HLA-B*40:01,EELLYKISL,1
194242,Positive,HLA-B*40:01,QEAGNFERI,1
25986,Negative,HLA-B*40:01,IETGTPFIL,-1
30498,Negative,HLA-B*40:01,KELGLATEY,-1
57641,Negative,HLA-B*40:01,SETDTIVKF,-1
25965,Negative,HLA-B*40:01,IERSFDDKF,-1
25746,Negative,HLA-B*40:01,IEDEDNIRF,-1
11689,Negative,HLA-B*40:01,EEINNQLLL,-1
73700,Negative,HLA-B*40:01,YELGTHDKY,-1
11790,Negative,HLA-B*40:01,EEMSCWSEL,-1
15551,Negative,HLA-B*40:01,FEICNNHGL,-1
50592,Negative,HLA-B*40:01,QEFTMLVNL,-1
23719,Negative,HLA-B*40:01,HEMFDKNMY,-1
19444,Negative,HLA-B*40:01,GETDDYMFF,-1
35773,Negative,HLA-B*40:01,LEYSISNDL,-1
892,Negative,HLA-B*40:01,AEESYTYYY,-1
57581,Negative,HLA-B*40:01,SENTGMGMY,-1
73651,Negative,HLA-B*40:01,YEEYKSKNL,-1
68216,Negative,HLA-B*40:01,VEIFKHLVF,-1
43561,Negative,HLA-B*40:01,NECATVDEL,-1
35503,Negative,HLA-B*40:01,LEHLIRSHY,-1
35468,Negative,HLA-B*40:01,LEFLYSFFL,-1
47367,Negative,HLA-B*40:01,PENDDGSQL,-1
57670,Negative,HLA-B*40:01,SEVKTLSSY,-1
25893,Negative,HLA-B*40:01,IELYSLAKY,-1
30406,Negative,HLA-B*40:01,KEGKLVIIF,-1
